uid,gid,player,team,details,pstat,gstat
25323,5058,TC-1625,CHI,Quadriceps,,IR
25324,5058,TB-3950,CHI,Groin,Limited,Questionable
25325,5058,RC-2425,CHI,Elbow,Limited,Questionable
25326,5058,JS-3137,CHI,Undisclosed,,IR
25327,5058,DR-0575,CHI,Head,,IR
25328,5058,BN-0450,CHI,Knee,Limited,Questionable
25329,5058,BB-2218,CHI,Undisclosed,,IR
25330,5058,TL-0275,GB,Ankle,Full,Available
25331,5058,TW-2700,GB,Knee,Limited,Available
25332,5058,WR-0350,GB,Ankle,Full,Available
25333,5058,OB-0500,GB,Chest,DNP,Out
25334,5058,MA-0275,GB,Groin,Full,Available
25335,5058,MJ-1175,GB,Shoulder,,IR
25336,5058,JS-6325,GB,Ankle,,IR
25337,5058,JS-5450,GB,Back,,IR
25338,5058,JW-3650,GB,Hamstring,Full,Available
25339,5058,KK-0750,GB,Hamstring,Limited,Available
25340,5058,KH-2150,GB,Neck,Limited,Questionable
25341,5058,KC-1225,GB,Ankle,Full,Available
25342,5058,JJ-0525,GB,Achilles,Full,Available
25343,5058,JG-2900,GB,Finger,Full,Available
25344,5058,ES-1175,GB,Ankle,,IR
25345,5058,FB-0650,GB,Calf,Full,Available
25346,5058,AJ-1143,GB,Hamstring,Full,Available
25347,5058,AL-0862,GB,Wrist,Full,Available
25348,5058,BM-0345,GB,Back,Full,Available
25349,5058,CB-2125,GB,Knee - ACL,,IR
25350,5058,BB-3700,GB,NIR (veteran rest),Full,Available
25351,5058,DS-1862,GB,Hamstring,DNP,Out
25352,5058,DV-0550,GB,Calf,Full,Available
25353,5058,CM-0125,GB,Ankle,Full,Available
25354,5059,SM-2450,ATL,Achilles,,IR
25355,5059,TC-0087,ATL,Undisclosed,,IR
25356,5059,RB-3750,ATL,Undisclosed,,IR
25357,5059,MS-1650,ATL,Undisclosed,,IR
25358,5059,MG-0943,ATL,Back,DNP,Out
25359,5059,MB-2050,ATL,Ankle,,IR
25360,5059,KB-0975,ATL,Toe,,IR
25361,5059,JW-3050,ATL,Knee - ACL,,IR
25362,5059,JJ-4700,ATL,Rest,Limited,Available
25363,5059,AG-1487,ATL,Undisclosed,,IR
25364,5059,TC-2375,MIN,Ribs,Limited,Questionable
25365,5059,SD-0537,MIN,Hamstring,Limited,Questionable
25366,5059,MA-0350,MIN,Hamstring,Full,Available
25367,5059,MH-3715,MIN,Knee,Limited,Out
25368,5059,KB-2150,MIN,Wrist,Full,Available
25369,5059,LJ-1700,MIN,Shoulder,Full,Available
25370,5059,IW-0031,MIN,Undisclosed,,IR
25371,5059,EG-0900,MIN,Elbow,Full,Available
25372,5059,AA-0571,MIN,Knee,,IR
25373,5059,BO-0050,MIN,Elbow,Full,Available
25374,5060,AJ-1425,BAL,Undisclosed,,IR
25375,5060,BC-0500,BAL,Hip,Full,Questionable
25376,5060,CJ-2350,BAL,Finger,Full,Questionable
25377,5060,FS-0350,BAL,Undisclosed,,IR
25378,5060,MB-4075,BAL,Foot,DNP,Questionable
25379,5060,RC-2562,BAL,Concussion,,IR
25380,5060,PR-0125,BAL,Foot,Full,Questionable
25381,5060,TY-0250,BAL,Neck,,IR
25382,5060,BM-0775,MIA,Shoulder,Limited,Questionable
25383,5060,CA-0550,MIA,Undisclosed,,IR
25384,5060,CH-1450,MIA,Wrist,Full,Questionable
25385,5060,AV-0150,MIA,Foot,,IR
25386,5060,AW-1650,MIA,Hip,Limited,Questionable
25387,5060,DI-0300,MIA,Hamstring,Limited,Available
25388,5060,JB-0450,MIA,Hip,Limited,Questionable
25389,5060,JJ-1650,MIA,Illness,,Available
25390,5060,JW-6250,MIA,Undisclosed,,IR
25391,5060,QP-0175,MIA,Undisclosed,,IR
25392,5060,RL-1325,MIA,Knee,,IR
25393,5060,TH-0650,MIA,Foot,DNP,Questionable
25394,5061,VJ-0300,BUF,Shoulder,,IR
25395,5061,TK-0850,BUF,Foot,Limited,Doubtful
25396,5061,ML-2337,BUF,Pectoral,,IR
25397,5061,LW-0050,BUF,Quadriceps,,IR
25398,5061,JC-5675,BUF,Hamstring,,IR
25399,5061,AR-1100,BUF,Quad,DNP,Out
25400,5061,NH-0075,NYJ,Hip,Full,Available
25401,5061,RA-1125,NYJ,Calf,Limited,Questionable
25402,5061,MM-6050,NYJ,Undisclosed,,IR
25403,5061,RM-4100,NYJ,Hip,Full,Available
25404,5061,SM-2200,NYJ,Wrist,Full,Available
25405,5061,TJ-2250,NYJ,Hamstring,Limited,Questionable
25406,5061,KO-0750,NYJ,Chest,Full,Available
25407,5061,JF-3042,NYJ,Foot,Full,Available
25408,5061,FL-0300,NYJ,Hand,Full,Available
25409,5061,BW-2670,NYJ,Shoulder,Full,Available
25410,5061,BJ-0050,NYJ,Shoulder,Full,Available
25411,5061,BQ-0200,NYJ,Knee,,IR
25412,5061,BS-1750,NYJ,Knee,Full,Available
25413,5061,AW-1450,NYJ,Knee - ACL,,IR
25414,5061,BB-1950,NYJ,Hamstring,Limited,Questionable
25415,5061,BB-3575,NYJ,Concussion,,IR
25416,5062,AB-1975,JAC,Ankle,,IR
25417,5062,CB-3750,JAC,Undisclosed,,IR
25418,5062,BI-0100,JAC,Elbow,,IR
25419,5062,DA-0350,JAC,Hamstring,Full,Available
25420,5062,CO-0350,JAC,Hamstring,DNP,Out
25421,5062,CR-1162,JAC,Knee,DNP,Doubtful
25422,5062,DG-2690,JAC,Undisclosed,,IR
25423,5062,DM-0675,JAC,Ankle,,IR
25424,5062,KM-1060,JAC,Ankle,,IR
25425,5062,LM-1020,JAC,Ankle,Full,Available
25426,5062,JO-0562,JAC,Hamstring,DNP,Out
25427,5062,JO-0575,JAC,Knee,,IR
25428,5062,MS-1625,JAC,Concussion,,IR
25429,5062,QW-0050,JAC,Knee,Full,Available
25430,5062,NF-0250,JAC,Oblique,Full,Available
25431,5062,ML-0650,JAC,Knee,Full,Available
25432,5062,MD-0100,JAC,Elbow,Limited,Questionable
25433,5062,TM-2075,JAC,Knee,,IR
25434,5062,TM-0850,KC,Shoulder,Full,Available
25435,5062,XW-0100,KC,Illness,DNP,Questionable
25436,5062,MK-0715,KC,Knee,,IR
25437,5062,MH-3775,KC,Groin,,IR
25438,5062,JL-2925,KC,Shoulder,,IR
25439,5062,JL-3075,KC,Back,,Questionable
25440,5062,KR-0325,KC,Achilles,,IR
25441,5062,GD-0250,KC,Undisclosed,,IR
25442,5062,FD-0050,KC,Shoulder,,IR
25443,5062,DY-0075,KC,Ankle,Full,Available
25444,5062,DW-2075,KC,Undisclosed,,IR
25445,5062,DW-3243,KC,Shoulder,Full,Available
25446,5062,CH-2400,KC,Ankle,,IR
25447,5062,DG-2493,KC,Knee,,IR
25448,5062,BS-3075,KC,Knee - MCL,,IR
25449,5062,AW-0650,KC,Shoulder,Full,Available
25450,5063,BI-0150,CAR,Hamstring,DNP,Out
25451,5063,DG-1850,CAR,Shoulder,,IR
25452,5063,DP-0362,CAR,Undisclosed,,IR
25453,5063,DV-0050,CAR,Undisclosed,,IR
25454,5063,GG-0100,CAR,Knee,,IR
25455,5063,GL-0450,CAR,Concussion,DNP,Out
25456,5063,KA-0850,CAR,Undisclosed,,IR
25457,5063,KO-0050,CAR,Undisclosed,,IR
25458,5063,MB-1175,CAR,Undisclosed,,IR
25459,5063,TT-1850,CAR,Groin,Full,Available
25460,5063,DH-1925,LA,Undisclosed,,IR
25461,5063,JC-1050,LA,Achilles,,IR
25462,5063,JL-0625,LA,Foot,,IR
25463,5063,MK-0875,LA,Pectoral,,IR
25464,5063,TY-0400,LA,Undisclosed,,IR
25465,5064,ST-0025,CLE,Hamstring,Limited,Questionable
25466,5064,OB-0075,CLE,Hip,Full,Available
25467,5064,PG-0050,CLE,Concussion,,IR
25468,5064,JK-1012,CLE,Concussion,,IR
25469,5064,LF-0012,CLE,Shoulder,,IR
25470,5064,KK-0150,CLE,Concussion,,IR
25471,5064,DM-2781,CLE,Hamstring,,IR
25472,5064,DL-0487,CLE,Shoulder,Full,Available
25473,5064,DF-1325,CLE,Knee,,IR
25474,5064,DW-0162,TEN,Groin,,IR
25475,5064,CB-0950,TEN,Undisclosed,,IR
25476,5064,JC-4050,TEN,Knee,Full,Available
25477,5064,JK-0075,TEN,Undisclosed,,IR
25478,5064,JW-4650,TEN,Undisclosed,,IR
25479,5064,KP-0050,TEN,Knee,DNP,Questionable
25480,5064,RS-3400,TEN,Knee,,IR
25481,5064,RG-1050,TEN,Knee,DNP,Out
25482,5065,NS-0775,PHI,Wrist,DNP,Out
25483,5065,RF-0725,PHI,Achilles,Full,Available
25484,5065,RR-1050,PHI,Foot,,IR
25485,5065,JO-0587,PHI,Knee - ACL,,IR
25486,5065,JM-0650,PHI,Back,DNP,Out
25487,5065,JK-0500,PHI,Not injury related - rest,Full,Available
25488,5065,KG-1200,PHI,Knee,DNP,Out
25489,5065,CL-0450,PHI,Foot,,IR
25490,5065,CJ-1450,PHI,Ankle,,IR
25491,5065,DB-0875,PHI,Shoulder,Full,Available
25492,5065,AJ-0430,PHI,Bicep,Full,Available
25493,5065,BB-3230,PHI,Achilles,Full,Available
25494,5065,AS-0930,PHI,Head,,IR
25495,5065,SH-0056,WAS,Chest,Full,Available
25496,5065,SW-1775,WAS,Ankle,,IR
25497,5065,MF-0575,WAS,Undisclosed,,IR
25498,5065,MH-3746,WAS,Knee,,IR
25499,5065,RF-1050,WAS,Knee - ACL,,IR
25500,5065,PR-0150,WAS,Quad,Full,Available
25501,5065,JW-6275,WAS,Pectoral,,IR
25502,5065,JR-1150,WAS,Concussion,Limited,Questionable
25503,5065,JB-5050,WAS,Undisclosed,,IR
25504,5065,FM-0650,WAS,Ankle,DNP,Out
25505,5065,CD-2250,WAS,Undisclosed,,IR
25506,5065,CB-2762,WAS,Foot,Full,Questionable
25507,5065,CM-1500,WAS,Fibula,DNP,Out
25508,5065,CM-2125,WAS,Concussion,Full,Questionable
25509,5066,AT-0247,CIN,Knee,Full,Available
25510,5066,AG-1500,CIN,Ankle,DNP,Available
25511,5066,AB-3425,CIN,Quad,Full,Available
25512,5066,CF-0337,CIN,Ankle,Full,Available
25513,5066,CG-1250,CIN,Concussion,DNP,Available
25514,5066,DK-0750,CIN,Achilles,Full,Available
25515,5066,JD-2850,CIN,Hamstring,,IR
25516,5066,RA-1137,CIN,Knee - ACL,,IR
25517,5066,NS-0306,CIN,Undisclosed,,IR
25518,5066,OD-0300,CIN,Undisclosed,,IR
25519,5066,ME-0425,CIN,Hamstring,Full,Available
25520,5066,TW-2762,CIN,Foot,DNP,Available
25521,5066,MB-2525,SEA,Back,Full,Available
25522,5066,MI-0200,SEA,Foot,Limited,Questionable
25523,5066,NJ-0500,SEA,Knee,,IR
25524,5066,SG-1550,SEA,Knee,Full,Available
25525,5066,LC-0812,SEA,Ankle,Limited,Out
25526,5066,KR-0387,SEA,Neck,,IR
25527,5066,JS-3125,SEA,Knee,,IR
25528,5066,JB-4962,SEA,Undisclosed,,IR
25529,5066,JB-6750,SEA,Toe,Full,Available
25530,5066,JC-3350,SEA,NIR,Limited,Available
25531,5066,JC-6075,SEA,Undisclosed,,IR
25532,5066,JH-6075,SEA,Ankle,DNP,Out
25533,5066,JJ-3650,SEA,Achilles,,IR
25534,5066,GF-0025,SEA,Ankle,Full,Available
25535,5066,ED-0400,SEA,Knee,,IR
25536,5066,EE-0225,SEA,Undisclosed,,IR
25537,5066,AC-1381,SEA,Undisclosed,,IR
25538,5066,DB-4900,SEA,Knee,Full,Available
25539,5066,DM-2275,SEA,Knee,Full,Available
25540,5066,DM-3050,SEA,Shoulder,DNP,Out
25541,5066,DK-0975,SEA,Knee,,IR
25542,5067,TH-1850,IND,Not Injury Related (Rest),DNP,Available
25543,5067,SI-0250,IND,Knee,,IR
25544,5067,MJ-1450,IND,Concussion,,IR
25545,5067,PH-0350,IND,Undisclosed,,IR
25546,5067,JP-1450,IND,Knee - ACL,,IR
25547,5067,JS-2100,IND,Knee,DNP,Out
25548,5067,JW-4625,IND,Rib,DNP,Out
25549,5067,JW-3325,IND,Ankle,Full,Questionable
25550,5067,KT-0950,IND,Neck,DNP,Questionable
25551,5067,KM-2650,IND,Thumb,Full,Available
25552,5067,KN-0050,IND,Undisclosed,,IR
25553,5067,IJ-0050,IND,Undisclosed,,IR
25554,5067,JH-5500,IND,Not Injury Related (Rest),DNP,Available
25555,5067,DF-1478,IND,Ankle,,IR
25556,5067,DF-2200,IND,Back,Full,Available
25557,5067,CG-0750,IND,Not Injury Related (Rest),Full,Available
25558,5067,AT-0450,IND,Undisclosed,,IR
25559,5067,BB-3285,IND,Undisclosed,,IR
25560,5067,AC-1200,IND,Not Injury Related (Rest),,Available
25561,5067,VM-0225,LAC,Undisclosed,,IR
25562,5067,TJ-2150,LAC,Undisclosed,,IR
25563,5067,TW-2856,LAC,Quad,DNP,Out
25564,5067,RT-0425,LAC,Hamstring,DNP,Doubtful
25565,5067,MB-0020,LAC,Groin,Limited,Questionable
25566,5067,KM-0475,LAC,Undisclosed,,IR
25567,5067,JB-6825,LAC,Ankle,DNP,Doubtful
25568,5067,IR-0400,LAC,Ribs,Full,Available
25569,5067,GD-0050,LAC,Hamstring,DNP,Doubtful
25570,5067,DJ-0587,LAC,Foot,,IR
25571,5067,DT-1912,LAC,Back,Full,Questionable
25572,5067,DP-1250,LAC,Ankle,Limited,Questionable
25573,5067,DC-0375,LAC,Shoulder,,IR
25574,5067,AV-0500,LAC,Knee - ACL,,IR
25575,5067,BW-0902,LAC,Undisclosed,,IR
25576,5067,BJ-1287,LAC,Undisclosed,,IR
25577,5068,BW-2040,ARI,Shoulder,,IR
25578,5068,ET-0500,ARI,Hand,Limited,Questionable
25579,5068,HB-0600,ARI,Hand,,IR
25580,5068,HR-0050,ARI,Knee,Limited,Questionable
25581,5068,JS-2050,ARI,Shoulder,,IR
25582,5068,LG-0050,ARI,Knee,DNP,Out
25583,5068,MG-0500,ARI,Knee,DNP,Out
25584,5068,PT-0150,ARI,Hamstring,,IR
25585,5068,RA-0650,ARI,Leg,,IR
25586,5068,RO-0250,ARI,Chest,,IR
25587,5068,TS-3500,ARI,Not-Injury Related,DNP,Available
25588,5068,WS-1100,ARI,Foot,,IR
25589,5068,DH-1143,DET,elbow,Limited,Questionable
25590,5068,DK-0550,DET,Undisclosed,,IR
25591,5068,AB-3856,DET,Arm,,IR
25592,5068,FR-0025,DET,ankle,Limited,Questionable
25593,5068,JD-0650,DET,ankle,Limited,Questionable
25594,5068,JK-0250,DET,Leg,,IR
25595,5068,TF-0750,DET,shoulder,Full,Available
25596,5068,RM-3850,DET,knee,Limited,Questionable
25597,5068,TL-0262,DET,Undisclosed,,IR
25598,5069,CW-1950,DAL,Calf,,IR
25599,5069,CW-1537,DAL,Undisclosed,,IR
25600,5069,CM-1875,DAL,Pectoral,,IR
25601,5069,DT-1225,DAL,Ankle,DNP,Out
25602,5069,DL-0450,DAL,Shoulder,Full,Available
25603,5069,DR-3250,DAL,Shoulder,,IR
25604,5069,DS-0850,DAL,Ankle,Full,Available
25605,5069,BJ-0950,DAL,Foot,Full,Available
25606,5069,BJ-2350,DAL,Hip,Full,Available
25607,5069,AC-2350,DAL,Foot,Full,Available
25608,5069,LL-0650,DAL,Knee,,IR
25609,5069,LG-0287,DAL,Ankle,DNP,Out
25610,5069,JS-2825,DAL,Hamstring,,IR
25611,5069,JJ-1350,DAL,Undisclosed,,IR
25612,5069,JJ-3462,DAL,Shoulder,,IR
25613,5069,DP-2500,DAL,Undisclosed,,IR
25614,5069,DW-4075,DAL,Ankle,DNP,Out
25615,5069,SL-0500,DAL,Knee / Not Injury Related,DNP,Available
25616,5069,TC-2950,DAL,Hip,Full,Available
25617,5069,TP-2075,DAL,Hamstring,,IR
25618,5069,TS-2700,DAL,Back,Full,Available
25619,5069,ZM-0050,DAL,Back,Limited,Available
25620,5069,AH-0762,NYG,Adductor,Full,Available
25621,5069,AW-0865,NYG,Undisclosed,,IR
25622,5069,BG-0750,NYG,Calf,,IR
25623,5069,CC-3650,NYG,Knee - ACL,,IR
25624,5069,CW-1575,NYG,Undisclosed,,IR
25625,5069,DS-2275,NYG,Hamstring,DNP,Available
25626,5069,GD-0225,NYG,Quad,DNP,Available
25627,5069,GA-0350,NYG,Concussion,,IR
25628,5069,HT-0700,NYG,Undisclosed,,IR
25629,5069,JA-1820,NYG,Knee,,IR
25630,5069,IS-0106,NYG,Hamstring,,IR
25631,5069,KA-0175,NYG,Knee,,IR
25632,5069,KL-0050,NYG,Undisclosed,,IR
25633,5069,VS-0050,NYG,Undisclosed,,IR
25634,5069,SS-1525,NYG,Ankle,,IR
25635,5069,RZ-0100,NYG,Ankle,,IR
25636,5069,SB-0325,NYG,Hamstring,,IR
25637,5069,RS-2125,NYG,Groin,,IR
25638,5069,MM-2750,NYG,Foot,,IR
25639,5069,NS-0750,NYG,Concussion,Full,Available
25640,5069,MR-0645,NYG,Illness/Back,Limited,Available
25641,5069,NH-0837,NYG,Knee,,IR
25642,5070,DP-1263,SF,Groin,Full,Available
25643,5070,DF-1350,SF,Knee,Full,Available
25644,5070,AL-0375,SF,Undisclosed,,IR
25645,5070,JH-6450,SF,Back,DNP,Available
25646,5070,JV-0425,SF,Ankle,Limited,Available
25647,5070,JW-0750,SF,Hand,DNP,Available
25648,5070,JS-5700,SF,Not Injury Related,Full,Available
25649,5070,JM-3450,SF,Knee - ACL,,IR
25650,5070,KS-2375,SF,Knee,,IR
25651,5070,KW-1550,SF,Knee,Limited,Available
25652,5070,SC-0950,SF,Ankle,,IR
25653,5070,SP-1425,SF,Knee,,IR
25654,5070,TH-0575,SF,Groin,,IR
25655,5070,TT-0450,SF,Foot,DNP,Available
25656,5070,WR-0450,SF,Knee,Limited,Available
25657,5070,NB-0350,SF,Ankle,Limited,Available
25658,5070,OS-0950,TB,Knee - ACL,,IR
25659,5070,ML-1950,TB,Shoulder,,IR
25660,5070,ME-0412,TB,Hamstring,Full,Available
25661,5070,ME-0600,TB,Illness,DNP,Questionable
25662,5070,VV-0200,TB,Knee,Full,Available
25663,5070,LD-0150,TB,Knee,Full,Available
25664,5070,KB-1812,TB,Undisclosed,,IR
25665,5070,JL-0750,TB,Ankle,,IR
25666,5070,JE-1300,TB,Achilles,DNP,Out
25667,5070,AA-0581,TB,Calf,Full,Available
25668,5070,AN-0150,TB,Knee,Full,Available
25669,5070,BG-0100,TB,Left Shoulder,DNP,Out
25670,5070,BM-3350,TB,Achilles,,IR
25671,5070,DD-1550,TB,Undisclosed,,IR
25672,5070,DB-2925,TB,Hamstring,Full,Available
25673,5070,CB-2775,TB,Calf,Full,Available
25674,5070,DH-1475,TB,Illness,Full,Available
25675,5071,BK-0950,NE,Quadriceps,,IR
25676,5071,DT-0900,NE,Hamstring,Limited,Questionable
25677,5071,DR-1775,NE,Undisclosed,,IR
25678,5071,DR-3225,NE,Undisclosed,,IR
25679,5071,DA-1425,NE,Illness,,IR
25680,5071,HF-0400,NE,Undisclosed,,IR
25681,5071,KD-0275,NE,Undisclosed,,IR
25682,5071,ML-0050,NE,Ankle,Limited,Questionable
25683,5071,NH-0825,NE,Ankle,,IR
25684,5071,MG-0225,NE,Undisclosed,,IR
25685,5071,OM-0350,NE,Ankle,Limited,Questionable
25686,5071,LH-1750,PIT,Achilles,,IR
25687,5071,SD-0250,PIT,Ankle,DNP,Doubtful
25688,5071,MB-0650,PIT,Coaches Decision,Full,Available
25689,5072,CL-0225,HOU,Undisclosed,,IR
25690,5072,CW-0875,HOU,Non-Football,Full,Available
25691,5072,DS-4025,HOU,Ankle,,IR
25692,5072,DE-0550,HOU,Achilles,,IR
25693,5072,GM-0025,HOU,Ankle,Limited,Available
25694,5072,IW-0037,HOU,Wrist,,Questionable
25695,5072,KC-2375,HOU,Ankle,Limited,Questionable
25696,5072,JW-1500,HOU,Foot,,IR
25697,5072,KW-0550,HOU,Concussion,,IR
25698,5072,JT-1775,HOU,Ribs,,IR
25699,5072,JR-1550,HOU,Shoulder,Full,Available
25700,5072,LM-1150,HOU,Knee - ACL,,IR
25701,5072,XW-0300,HOU,Ankle,,IR
25702,5072,ZF-0300,HOU,Toe,Full,Available
25703,5072,TH-2862,HOU,Finger,Full,Questionable
25704,5072,MD-0175,NO,Undisclosed,,IR
25705,5072,ME-0425,NO,Hamstring,DNP,Out
25706,5072,SR-0050,NO,Achilles,Limited,Out
25707,5072,ZL-0200,NO,Knee,Full,Available
25708,5072,JM-1140,NO,Shoulder - Labrum,,IR
25709,5072,GG-0462,NO,Undisclosed,,IR
25710,5072,DW-1550,NO,Ankle/Concussion,Full,Available
25711,5072,CJ-2450,NO,Undisclosed,,IR
25712,5072,CT-1612,NO,Undisclosed,,IR
25713,5072,CR-1150,NO,Hamstring,Limited,Questionable
25714,5072,AA-0552,NO,Shoulder,Full,Available
25715,5073,TR-0370,DEN,Shoulder,,IR
25716,5073,TM-0350,DEN,Neck,Limited,Available
25717,5073,TD-0725,DEN,Calf,DNP,Doubtful
25718,5073,NF-0150,DEN,Achilles,,IR
25719,5073,HR-0075,DEN,Back,,IR
25720,5073,JJ-4573,DEN,Tricep,DNP,Out
25721,5073,JB-8575,DEN,Knee,,IR
25722,5073,AF-0850,DEN,Knee - ACL,,IR
25723,5073,AJ-0375,DEN,Pectoral,DNP,Out
25724,5073,BC-0150,DEN,Foot,Limited,Questionable
25725,5073,BW-2650,DEN,Triceps,,IR
25726,5073,DN-1050,DEN,Undisclosed,,IR
25727,5073,DL-1787,DEN,Thumb,,IR
25728,5073,AB-3500,OAK,Not injury related - conduct,,Available
25729,5073,CH-4750,OAK,Undisclosed,,IR
25730,5073,CL-1000,OAK,Knee,Limited,Questionable
25731,5073,EV-0200,OAK,Concussion,,IR
25732,5073,IC-0300,OAK,Achilles,,IR
25733,5073,GJ-0050,OAK,Knee,DNP,Out
25734,5073,JE-0450,OAK,Knee,,IR
25735,5073,IJ-0087,OAK,Concussion,,IR
25736,5073,JN-0625,OAK,Ankle,Limited,Questionable
25737,5073,MC-3050,OAK,Undisclosed,,IR
25738,5073,MD-0750,OAK,Undisclosed,,IR
25739,5073,PB-1200,OAK,Undisclosed,,IR
25740,5073,NM-0675,OAK,Ankle,Limited,Questionable
25741,5073,NP-0182,OAK,Elbow,,IR
25742,5074,DV-0050,CAR,Undisclosed,,IR
25743,5074,DP-0362,CAR,Undisclosed,,IR
25744,5074,DG-1850,CAR,Shoulder,,IR
25745,5074,BI-0150,CAR,Hamstring,DNP,Out
25746,5074,CM-1225,CAR,Rest,Full,Available
25747,5074,KO-0050,CAR,Undisclosed,,IR
25748,5074,KA-0850,CAR,Undisclosed,,IR
25749,5074,GG-0100,CAR,Knee,,IR
25750,5074,GL-0450,CAR,Concussion,Full,Available
25751,5074,GO-0100,CAR,Back,Full,Questionable
25752,5074,MB-1175,CAR,Undisclosed,,IR
25753,5074,RG-0575,CAR,Groin,Limited,Questionable
25754,5074,RN-1300,TB,Finger,Full,Available
25755,5074,RJ-2250,TB,Toe,Full,Available
25756,5074,ML-1950,TB,Shoulder,,IR
25757,5074,OH-0250,TB,Ankle,Full,Available
25758,5074,OS-0950,TB,Knee - ACL,,IR
25759,5074,JE-1300,TB,Achilles,,IR
25760,5074,KB-1812,TB,Undisclosed,,IR
25761,5074,BG-0100,TB,Left Shoulder,DNP,Out
25762,5074,BM-3350,TB,Achilles,,IR
25763,5074,BW-2475,TB,Ankle,Full,Available
25764,5074,DW-2375,TB,Illness,Full,Available
25765,5074,DD-1550,TB,Undisclosed,,IR
25766,5075,BW-2040,ARI,Shoulder,,IR
25767,5075,CC-2100,ARI,Not-Injury Related,Full,Available
25768,5075,ET-0500,ARI,Hand,Full,Available
25769,5075,HB-0600,ARI,Hand,,IR
25770,5075,HR-0050,ARI,Knee,Full,Available
25771,5075,JB-7450,ARI,Hamstring,DNP,Questionable
25772,5075,JS-2050,ARI,Shoulder,,IR
25773,5075,LF-0200,ARI,Not-Injury Related,Full,Available
25774,5075,LG-0050,ARI,Knee,DNP,Out
25775,5075,MG-0500,ARI,Knee - ACL,,IR
25776,5075,RA-0650,ARI,Leg,,IR
25777,5075,WS-1100,ARI,Foot,,IR
25778,5075,BC-0500,BAL,Hip,Full,Questionable
25779,5075,CJ-2350,BAL,Finger,Full,Questionable
25780,5075,FS-0350,BAL,Undisclosed,,IR
25781,5075,TY-0250,BAL,Neck,,IR
25782,5075,MB-4075,BAL,Foot,DNP,Questionable
25783,5075,RC-2562,BAL,Concussion,,IR
25784,5075,PR-0125,BAL,Foot,Full,Questionable
25785,5076,ML-2337,BUF,Pectoral,,IR
25786,5076,VJ-0300,BUF,Shoulder,,IR
25787,5076,TN-0650,BUF,Rest,Full,Available
25788,5076,TJ-1250,BUF,Hamstring,DNP,Out
25789,5076,TK-0850,BUF,Foot,Limited,Questionable
25790,5076,JB-6950,BUF,Rest,Full,Available
25791,5076,JC-5675,BUF,Hamstring,,IR
25792,5076,JP-2850,BUF,Illness,Full,Available
25793,5076,LA-0200,BUF,Rest,Full,Available
25794,5076,LW-0050,BUF,Quadriceps,,IR
25795,5076,LW-0150,BUF,Ankle,Full,Available
25796,5076,CB-1130,BUF,Illness,Full,Available
25797,5076,AR-1100,BUF,Quad,DNP,Out
25798,5076,FG-0200,BUF,Rest,Full,Available
25799,5076,DL-0490,NYG,Shoulder,Full,Available
25800,5076,DS-2275,NYG,Hamstring,DNP,Out
25801,5076,CL-0275,NYG,Calf,Limited,Questionable
25802,5076,CC-3650,NYG,Knee - ACL,,IR
25803,5076,KA-0175,NYG,Knee,,IR
25804,5076,KM-0425,NYG,Knee,,IR
25805,5076,KZ-0050,NYG,Shoulder,Full,Available
25806,5076,GD-0225,NYG,Quad,DNP,Out
25807,5076,GA-0350,NYG,Concussion,,IR
25808,5076,IS-0106,NYG,Hamstring,,IR
25809,5076,SS-1250,NYG,Concussion,DNP,Out
25810,5076,SB-0325,NYG,Hamstring,,IR
25811,5076,MG-0925,NYG,Hip,Full,Available
25812,5076,MM-2750,NYG,Foot,,IR
25813,5076,NH-0837,NYG,Knee,,IR
25814,5077,CW-1537,DAL,Undisclosed,,IR
25815,5077,CW-1950,DAL,Calf,,IR
25816,5077,DP-2500,DAL,Undisclosed,,IR
25817,5077,DR-3250,DAL,Shoulder,,IR
25818,5077,DT-1225,DAL,Ankle,Limited,Available
25819,5077,DW-4075,DAL,Ankle,Limited,Available
25820,5077,CM-1875,DAL,Pectoral,,IR
25821,5077,AC-2350,DAL,Foot,Full,Available
25822,5077,BJ-0950,DAL,Foot,Full,Available
25823,5077,LL-0650,DAL,Knee,,IR
25824,5077,LG-0287,DAL,Ankle,DNP,Out
25825,5077,JJ-1350,DAL,Undisclosed,,IR
25826,5077,JJ-3462,DAL,Shoulder,,IR
25827,5077,JH-3210,DAL,Knee,Full,Available
25828,5077,TA-1050,DAL,Concussion,DNP,Out
25829,5077,TC-2950,DAL,Hip,Full,Available
25830,5077,SL-0500,DAL,Knee/NIR,DNP,Available
25831,5077,TS-2700,DAL,Back,Full,Available
25832,5077,RC-1500,DAL,Rib,Full,Available
25833,5077,ZM-0050,DAL,Back,Full,Available
25834,5077,SW-1775,WAS,Ankle,,IR
25835,5077,RF-1050,WAS,Knee - ACL,,IR
25836,5077,QD-0400,WAS,Knee,DNP,Questionable
25837,5077,MN-0550,WAS,Foot,Full,Available
25838,5077,MH-3746,WAS,Knee,,IR
25839,5077,JB-5050,WAS,Undisclosed,,IR
25840,5077,JA-1062,WAS,Knee,DNP,Out
25841,5077,GS-1350,WAS,Undisclosed,,IR
25842,5077,JW-6275,WAS,Pectoral,,IR
25843,5077,JR-1150,WAS,Concussion,DNP,Out
25844,5077,CB-2762,WAS,Ankle,DNP,IR
25845,5077,CD-2250,WAS,Undisclosed,,IR
25846,5077,CM-1500,WAS,Fibula,DNP,Out
25847,5077,FM-0650,WAS,Ankle,Limited,Doubtful
25848,5077,DG-3200,WAS,Knee - Meniscus,DNP,IR
25849,5078,ZF-0275,IND,Hip,Full,Available
25850,5078,SI-0250,IND,Knee,,IR
25851,5078,RL-0750,IND,Heat Related,Full,Available
25852,5078,TH-1850,IND,Not Injury Related (Rest),DNP,Available
25853,5078,JW-4625,IND,Rib,Limited,Out
25854,5078,JP-1450,IND,Knee - ACL,,IR
25855,5078,JS-2100,IND,Knee,DNP,Out
25856,5078,KN-0050,IND,Undisclosed,,IR
25857,5078,KT-0950,IND,Neck,DNP,Doubtful
25858,5078,IJ-0050,IND,Undisclosed,,IR
25859,5078,JH-5500,IND,Not Injury Related (Rest),DNP,Available
25860,5078,CG-0750,IND,Not Injury Related (Rest),Full,Available
25861,5078,BB-3285,IND,Undisclosed,,IR
25862,5078,AC-1200,IND,Not Injury Related (Rest),DNP,Available
25863,5078,DA-2050,IND,Not Injury Related (Rest),DNP,Available
25864,5078,DF-1478,IND,Ankle,,IR
25865,5078,DF-2200,IND,Collarbone,,IR
25866,5078,DC-0025,IND,Heat Related,Full,Available
25867,5078,DF-1225,TEN,Hamstring,Limited,Questionable
25868,5078,CW-0100,TEN,Not Injury Related,Full,Available
25869,5078,DW-0162,TEN,Groin,,IR
25870,5078,DW-0500,TEN,Not Injury Related,Full,Available
25871,5078,CB-0950,TEN,Undisclosed,,IR
25872,5078,KP-0050,TEN,Knee,DNP,Out
25873,5078,JW-4650,TEN,Undisclosed,,IR
25874,5078,JC-1700,TEN,Hip,Limited,Available
25875,5078,JK-0075,TEN,Undisclosed,,IR
25876,5078,RG-1050,TEN,Knee,DNP,Out
25877,5078,RS-3400,TEN,Knee,,IR
25878,5079,DS-4025,HOU,Ankle,,IR
25879,5079,DW-1725,HOU,Back,Full,Available
25880,5079,DE-0550,HOU,Achilles,,IR
25881,5079,DH-3950,HOU,Ribs,Limited,Available
25882,5079,CL-0225,HOU,Undisclosed,,IR
25883,5079,IW-0037,HOU,Wrist,,IR
25884,5079,GM-0025,HOU,Ankle,Limited,Questionable
25885,5079,KC-2375,HOU,Ankle,Full,Available
25886,5079,KW-0550,HOU,Concussion,,IR
25887,5079,LM-1150,HOU,Knee - ACL,,IR
25888,5079,JT-1775,HOU,Ribs,,IR
25889,5079,JR-1550,HOU,Shoulder,Full,Available
25890,5079,JW-1500,HOU,Foot,,IR
25891,5079,WF-0300,HOU,Not Injury Related,Full,Available
25892,5079,TG-0950,HOU,Wrist,Full,Available
25893,5079,TH-2862,HOU,Finger,Full,Available
25894,5079,TJ-2400,HOU,Elbow,Limited,Questionable
25895,5079,SK-0150,HOU,Wrist,Limited,Questionable
25896,5079,XW-0300,HOU,Ankle,,IR
25897,5079,CO-0350,JAC,Hamstring,DNP,Out
25898,5079,CC-0200,JAC,Foot,Full,Available
25899,5079,CR-1162,JAC,Knee,Limited,Questionable
25900,5079,DG-2690,JAC,Undisclosed,,IR
25901,5079,DM-0675,JAC,Ankle,,IR
25902,5079,AB-1975,JAC,Ankle,,IR
25903,5079,AB-2250,JAC,Hip,Limited,Questionable
25904,5079,BI-0100,JAC,Elbow,,IR
25905,5079,KM-1060,JAC,Ankle,,IR
25906,5079,JO-0562,JAC,Hamstring,DNP,Out
25907,5079,JO-0575,JAC,Knee,,IR
25908,5079,TM-2075,JAC,Knee,,IR
25909,5079,RH-1150,JAC,Ankle,Full,Available
25910,5079,ML-0650,JAC,Knee,DNP,Questionable
25911,5079,MD-0100,JAC,Elbow,Full,Available
25912,5079,MS-1625,JAC,Concussion,,IR
25913,5079,NF-0250,JAC,Collarbone,,IR
25914,5079,QW-0050,JAC,Knee,Full,Available
25915,5079,YN-0100,JAC,Hamstring,DNP,Out
25916,5080,DK-0550,DET,Undisclosed,,IR
25917,5080,DH-1143,DET,elbow,Limited,Questionable
25918,5080,AB-3856,DET,Arm,,IR
25919,5080,JD-0650,DET,ankle,Limited,Questionable
25920,5080,JK-0250,DET,Leg,,IR
25921,5080,RM-3850,DET,knee,Full,Available
25922,5080,TD-0950,DET,back,Limited,Questionable
25923,5080,MD-0137,LAC,Hamstring,DNP,Doubtful
25924,5080,MW-2825,LAC,Knee,Limited,Questionable
25925,5080,TJ-2150,LAC,Undisclosed,,IR
25926,5080,TW-2856,LAC,Quadriceps,,IR
25927,5080,RT-0425,LAC,Hamstring,Limited,Questionable
25928,5080,JB-6825,LAC,Ankle,Limited,Questionable
25929,5080,HH-0225,LAC,Knee,DNP,Out
25930,5080,GD-0050,LAC,Hamstring,Full,Questionable
25931,5080,IR-0400,LAC,Concussion,Full,Questionable
25932,5080,KM-0475,LAC,Undisclosed,,IR
25933,5080,MB-0020,LAC,Right Groin,Limited,Questionable
25934,5080,AV-0500,LAC,Knee - ACL,,IR
25935,5080,DP-1250,LAC,Ankle,Limited,Questionable
25936,5080,DJ-0587,LAC,Foot,,IR
25937,5080,DC-0375,LAC,Shoulder,,IR
25938,5081,WR-0350,GB,Ankle,Full,Available
25939,5081,TW-2700,GB,NIR (veteran rest),Full,Available
25940,5081,OB-0500,GB,Chest,DNP,Out
25941,5081,MJ-1175,GB,Shoulder,,IR
25942,5081,MV-0012,GB,Shoulder,Full,Available
25943,5081,JW-3650,GB,Shoulder,Full,Available
25944,5081,JS-5450,GB,Back,,IR
25945,5081,JS-6325,GB,Ankle,,IR
25946,5081,KH-2150,GB,Neck,Limited,Questionable
25947,5081,KK-0750,GB,Hamstring/Chest,Full,Available
25948,5081,JJ-0525,GB,Achilles,Full,Available
25949,5081,JG-2900,GB,Finger,Limited,Available
25950,5081,JA-0475,GB,Knee,Full,Available
25951,5081,BB-3700,GB,NIR (veteran rest),Full,Available
25952,5081,CB-2125,GB,Knee - ACL,,IR
25953,5081,BM-0345,GB,Shoulder,Full,Available
25954,5081,CL-0975,GB,Elbow,Full,Available
25955,5081,CM-0125,GB,Ankle,Full,Available
25956,5081,DB-0350,GB,Back,Limited,Questionable
25957,5081,DS-1862,GB,Hamstring,Limited,Out
25958,5081,ES-1175,GB,Ankle,,IR
25959,5081,TC-2375,MIN,Ribs,Full,Available
25960,5081,MH-3715,MIN,Knee,Full,Doubtful
25961,5081,MF-0450,MIN,Groin,Full,Questionable
25962,5081,PE-0192,MIN,Knee,Limited,Questionable
25963,5081,JD-2350,MIN,Leg,DNP,IR
25964,5081,IW-0031,MIN,Undisclosed,,IR
25965,5081,MA-0350,MIN,Elbow,DNP,Out
25966,5081,AB-0650,MIN,Knee,Full,Available
25967,5081,BG-0350,MIN,Groin,Limited,Questionable
25968,5081,DH-4650,MIN,Hamstring,Full,Available
25969,5081,EG-0900,MIN,Elbow,Full,Available
25970,5082,DI-0300,MIA,Hamstring,Limited,Available
25971,5082,AW-1650,MIA,Hip,Limited,Questionable
25972,5082,AV-0150,MIA,Foot,,IR
25973,5082,CH-1450,MIA,Wrist,Full,Questionable
25974,5082,BM-0775,MIA,Shoulder,Limited,Questionable
25975,5082,JW-6250,MIA,Undisclosed,,IR
25976,5082,JB-0450,MIA,Hip,Limited,Questionable
25977,5082,JD-0350,MIA,Knee,,IR
25978,5082,JL-0775,MIA,Ankle,,IR
25979,5082,JJ-1650,MIA,Illness,,Available
25980,5082,RL-1325,MIA,Knee,,IR
25981,5082,TH-0650,MIA,Foot,DNP,Questionable
25982,5082,DR-1775,NE,Undisclosed,,IR
25983,5082,DR-3225,NE,Undisclosed,,IR
25984,5082,DA-1425,NE,Illness,,IR
25985,5082,BK-0950,NE,Quadriceps,,IR
25986,5082,BB-2250,NE,Hamstring,Limited,Questionable
25987,5082,KD-0275,NE,Undisclosed,,IR
25988,5082,HF-0400,NE,Undisclosed,,IR
25989,5082,NH-0825,NE,Ankle,,IR
25990,5082,MG-0225,NE,Undisclosed,,IR
25991,5082,MC-0400,NE,Shoulder,Limited,Questionable
25992,5082,ML-0050,NE,Ankle,Limited,Questionable
25993,5083,AT-0247,CIN,Knee,Full,Available
25994,5083,AG-1500,CIN,Ankle,DNP,Out
25995,5083,CF-0337,CIN,Ankle,Limited,Questionable
25996,5083,CG-1250,CIN,Concussion,DNP,Out
25997,5083,JM-5275,CIN,Ankle,Limited,Questionable
25998,5083,JB-1650,CIN,Wrist,Full,Available
25999,5083,TE-0300,CIN,NIR,Full,Available
26000,5083,TW-2762,CIN,Foot,Limited,Questionable
26001,5083,NS-0306,CIN,Undisclosed,,IR
26002,5083,OD-0300,CIN,Undisclosed,,IR
26003,5083,RA-1137,CIN,Knee - ACL,,IR
26004,5083,AL-0375,SF,Undisclosed,,IR
26005,5083,KS-2375,SF,Knee,,IR
26006,5083,JM-3450,SF,Knee - ACL,,IR
26007,5083,JW-0750,SF,Hand,Limited,Questionable
26008,5083,JS-5700,SF,Not Injury Related,Full,Available
26009,5083,JH-6450,SF,Back,DNP,Out
26010,5083,MN-0900,SF,Illness,Full,Available
26011,5083,NB-0350,SF,Ankle,Limited,Questionable
26012,5083,TH-0575,SF,Groin,,IR
26013,5083,TT-0450,SF,Foot,DNP,Out
26014,5083,SC-0950,SF,Ankle,,IR
26015,5083,TC-2050,SF,Ankle,DNP,Out
26016,5083,SP-1425,SF,Knee,,IR
26017,5084,BR-1100,PIT,Not Injury Related,Full,Available
26018,5084,LH-1750,PIT,Achilles,,IR
26019,5084,MB-0650,PIT,Not Injury Related,Full,Available
26020,5084,JS-4750,PIT,Toe,Full,Available
26021,5084,JC-4075,PIT,Illness,Full,Available
26022,5084,JH-0100,PIT,Shoulder,Full,Questionable
26023,5084,MP-1900,PIT,Ankle,Full,Questionable
26024,5084,RF-0900,PIT,Not Injury Related,Full,Available
26025,5084,TW-1137,PIT,Hip,Full,Available
26026,5084,TE-0006,PIT,Glute,Full,Available
26027,5084,RN-1250,PIT,Knee,DNP,Out
26028,5084,SD-0250,PIT,Ankle,Full,Available
26029,5084,ZB-0050,PIT,Illness,Full,Available
26030,5084,TT-1262,SEA,Hamstring,DNP,Doubtful
26031,5084,WD-0550,SEA,Knee,Full,Available
26032,5084,UA-0100,SEA,Shoulder,Full,Available
26033,5084,TL-1025,SEA,Back,Full,Available
26034,5084,QJ-0150,SEA,Hip,Full,Available
26035,5084,NT-0150,SEA,Hamstring,DNP,Doubtful
26036,5084,NJ-0500,SEA,Knee,,IR
26037,5084,PF-0300,SEA,Calf,DNP,Doubtful
26038,5084,MI-0200,SEA,Foot,Full,Available
26039,5084,JH-6075,SEA,Ankle,DNP,Out
26040,5084,JJ-3650,SEA,Achilles,,IR
26041,5084,JC-3350,SEA,NIR,Full,Available
26042,5084,JC-6075,SEA,Undisclosed,,IR
26043,5084,GF-0025,SEA,Ankle,Full,Available
26044,5084,JB-5750,SEA,Knee,Full,Available
26045,5084,JB-4962,SEA,Undisclosed,,IR
26046,5084,JS-3125,SEA,Knee,,IR
26047,5084,LC-0812,SEA,Ankle,Full,Available
26048,5084,KR-0387,SEA,Neck,,IR
26049,5084,AC-1381,SEA,Undisclosed,,IR
26050,5084,DB-4900,SEA,Knee,Full,Available
26051,5084,DK-0975,SEA,Knee,,IR
26052,5084,DM-3050,SEA,Shoulder,Limited,Out
26053,5084,EP-0575,SEA,Neck,Full,Available
26054,5084,EA-0550,SEA,Shoulder,Full,Questionable
26055,5084,ED-0400,SEA,Knee,,IR
26056,5084,EE-0225,SEA,Undisclosed,,IR
26057,5085,PM-0025,KC,Ankle,Full,Available
26058,5085,MK-0715,KC,Knee,,IR
26059,5085,TM-0850,KC,Shoulder,Full,Available
26060,5085,TH-1750,KC,Shoulder,DNP,Out
26061,5085,JL-2925,KC,Shoulder,,IR
26062,5085,JL-3075,KC,Back,Full,Available
26063,5085,KR-0325,KC,Achilles,,IR
26064,5085,JA-1050,KC,Thumb,Full,Available
26065,5085,FD-0050,KC,Shoulder,,IR
26066,5085,BS-3075,KC,Knee - MCL,,IR
26067,5085,CH-2400,KC,Ankle,,IR
26068,5085,DG-2493,KC,Knee,,IR
26069,5085,DW-2075,KC,Undisclosed,,IR
26070,5085,FC-0150,KC,Neck,Full,Available
26071,5085,DY-0075,KC,Ankle,Full,Available
26072,5085,EF-0050,KC,Groin,Limited,Questionable
26073,5085,EV-0200,OAK,Concussion,,IR
26074,5085,AC-1837,OAK,Right Foot,,Questionable
26075,5085,CL-1000,OAK,Knee,Limited,Questionable
26076,5085,CH-4750,OAK,Undisclosed,,IR
26077,5085,JN-0625,OAK,Ankle,DNP,Out
26078,5085,JE-0450,OAK,Knee,,IR
26079,5085,JA-0112,OAK,Shoulder,,Available
26080,5085,JA-0112,OAK,Shoulder - Labrum,,IR
26081,5085,IJ-0087,OAK,Concussion,,IR
26082,5085,GC-0850,OAK,Neck,Limited,Questionable
26083,5085,GJ-0050,OAK,Knee,DNP,Out
26084,5085,IC-0300,OAK,Achilles,,IR
26085,5085,TW-2875,OAK,Illness,Limited,Available
26086,5085,MD-0750,OAK,Undisclosed,,IR
26087,5085,NM-0675,OAK,Ankle,Full,Available
26088,5085,NP-0182,OAK,Elbow,,IR
26089,5086,RC-2425,CHI,Elbow,Full,Available
26090,5086,NK-0800,CHI,Knee,Limited,Questionable
26091,5086,TC-1625,CHI,Quadriceps,,IR
26092,5086,TB-3950,CHI,Groin,Limited,Questionable
26093,5086,JS-3137,CHI,Undisclosed,,IR
26094,5086,BN-0450,CHI,Knee,Limited,Questionable
26095,5086,BB-2218,CHI,Undisclosed,,IR
26096,5086,EG-0350,CHI,Oblique,Limited,Questionable
26097,5086,NF-0150,DEN,Achilles,,IR
26098,5086,TP-0675,DEN,Hand,,IR
26099,5086,TR-0370,DEN,Shoulder,,IR
26100,5086,TD-0725,DEN,Calf,Limited,Questionable
26101,5086,RL-0350,DEN,Quadricep,Limited,Available
26102,5086,JJ-0650,DEN,Knee,DNP,Out
26103,5086,JJ-4573,DEN,Triceps,DNP,Out
26104,5086,JB-8575,DEN,Knee,,IR
26105,5086,HR-0075,DEN,Back,,IR
26106,5086,BC-0150,DEN,Foot,Limited,Questionable
26107,5086,AF-0850,DEN,Knee - ACL,,IR
26108,5086,AJ-0375,DEN,Pectoral,DNP,Out
26109,5086,BW-2650,DEN,Triceps,,IR
26110,5086,DN-1050,DEN,Undisclosed,,IR
26111,5086,DL-1787,DEN,Thumb,,IR
26112,5087,EW-0400,LA,Concussion,Limited,Available
26113,5087,CM-0900,LA,Back,Limited,Available
26114,5087,AW-1100,LA,Not Injury Related,DNP,Available
26115,5087,JL-0625,LA,Foot,,IR
26116,5087,JC-1050,LA,Achilles,,IR
26117,5087,MK-0875,LA,Pectoral,,IR
26118,5087,MB-3650,LA,Shoulder,DNP,Available
26119,5087,MW-2275,NO,Groin,Limited,Available
26120,5087,ME-0425,NO,Hamstring,Limited,Available
26121,5087,TG-0900,NO,Illness,Full,Available
26122,5087,RR-0122,NO,Thigh,Limited,Available
26123,5087,SR-0050,NO,Achilles,Limited,Available
26124,5087,GG-0462,NO,Undisclosed,,IR
26125,5087,JM-1140,NO,Shoulder - Labrum,,IR
26126,5087,CJ-2450,NO,Undisclosed,,IR
26127,5087,CT-1612,NO,Undisclosed,,IR
26128,5087,CR-1150,NO,Hamsring,Limited,Available
26129,5088,RB-3750,ATL,Undisclosed,,IR
26130,5088,RG-0025,ATL,Concussion,Limited,Questionable
26131,5088,MG-0943,ATL,Back,Limited,Out
26132,5088,MB-2050,ATL,Ankle,,IR
26133,5088,MS-1650,ATL,Undisclosed,,IR
26134,5088,SM-2450,ATL,Achilles,,IR
26135,5088,TC-0087,ATL,Undisclosed,,IR
26136,5088,WS-0275,ATL,Shoulder,Full,Available
26137,5088,KB-0975,ATL,Toe,,IR
26138,5088,JW-3050,ATL,Knee - ACL,,IR
26139,5088,KB-0350,ATL,Ankle,Full,Available
26140,5088,DS-1450,ATL,Back,,Available
26141,5088,CL-0962,ATL,Foot,,IR
26142,5088,AG-1487,ATL,Undisclosed,,IR
26143,5088,NS-0775,PHI,Left Wrist,Limited,Doubtful
26144,5088,MJ-0030,PHI,Foot,,IR
26145,5088,JO-0587,PHI,Knee - ACL,,IR
26146,5088,JM-0650,PHI,Back,DNP,Out
26147,5088,KG-1200,PHI,Knee,DNP,Out
26148,5088,CL-0450,PHI,Foot,,IR
26149,5088,AS-0930,PHI,Head,,IR
26150,5088,FC-0400,PHI,Toe,Full,Available
26151,5088,DB-0875,PHI,Shoulder,Full,Available
26152,5089,OB-0075,CLE,Hip,Full,Available
26153,5089,RH-1950,CLE,Knee,Limited,Questionable
26154,5089,JB-3550,CLE,Abdomen,Limited,Questionable
26155,5089,JK-1012,CLE,Concussion,,IR
26156,5089,KL-0075,CLE,Knee,DNP,Out
26157,5089,LF-0012,CLE,Shoulder,,IR
26158,5089,LO-0050,CLE,Shoulder,Full,Available
26159,5089,DR-0450,CLE,Hand,Full,Out
26160,5089,DS-3800,CLE,Knee,Full,Questionable
26161,5089,DH-3137,CLE,Concussion,DNP,Out
26162,5089,DM-2781,CLE,Hamstring,,IR
26163,5089,CS-2350,CLE,Not Injury Related,DNP,Questionable
26164,5089,DF-1325,CLE,Knee,,IR
26165,5089,QW-0075,NYJ,Ankle,DNP,Out
26166,5089,RA-1125,NYJ,Calf,Full,Available
26167,5089,QE-0100,NYJ,Neck,,IR
26168,5089,MM-6050,NYJ,Undisclosed,,IR
26169,5089,SD-0175,NYJ,Illness,DNP,Out
26170,5089,RK-0100,NYJ,Calf,Full,Available
26171,5089,RM-4100,NYJ,Hip,Full,Available
26172,5089,SM-2200,NYJ,Hip,Limited,Questionable
26173,5089,JA-0150,NYJ,Hip,Full,Available
26174,5089,JF-3042,NYJ,Foot,DNP,Available
26175,5089,LB-0250,NYJ,Shoulder,Limited,Questionable
26176,5089,KB-0750,NYJ,Ankle,Limited,Questionable
26177,5089,BW-2670,NYJ,Shoulder,Limited,Questionable
26178,5089,BQ-0200,NYJ,Knee,,IR
26179,5089,CM-3250,NYJ,Groin,DNP,Out
26180,5089,BB-1950,NYJ,Hamstring,Limited,Questionable
26181,5089,AL-0850,NYJ,Shoulder,Limited,Questionable
26182,5089,AW-1450,NYJ,Knee - ACL,,IR
26183,5089,DT-0900,NYJ,Hamstring,DNP,Questionable
26184,5089,FL-0300,NYJ,Hand,Full,Available
26185,5090,TM-2075,JAC,Knee,,IR
26186,5090,MS-1625,JAC,Concussion,,IR
26187,5090,RH-1150,JAC,Ankle,Full,Available
26188,5090,KM-1060,JAC,Ankle,,IR
26189,5090,ML-0650,JAC,Knee,Full,Available
26190,5090,NF-0250,JAC,Collarbone,,IR
26191,5090,YN-0100,JAC,Hamstring,Full,Available
26192,5090,BI-0100,JAC,Elbow,,IR
26193,5090,AB-1975,JAC,Ankle,,IR
26194,5090,AB-2250,JAC,Hip,Limited,Available
26195,5090,CC-3950,JAC,Hip,Limited,Available
26196,5090,DC-1418,JAC,Ankle,Full,Available
26197,5090,DA-0350,JAC,Hamstring,DNP,Available
26198,5090,CO-0350,JAC,Hamstring,Full,Available
26199,5090,CR-1162,JAC,Knee,Full,Available
26200,5090,DM-0675,JAC,Ankle,,IR
26201,5090,DG-2690,JAC,Undisclosed,,IR
26202,5090,JR-2750,JAC,Foot,DNP,Available
26203,5090,JO-0562,JAC,Hamstring,DNP,Available
26204,5090,JO-0575,JAC,Knee,,IR
26205,5090,JW-4650,TEN,Undisclosed,,IR
26206,5090,JK-0075,TEN,Undisclosed,,IR
26207,5090,JD-2512,TEN,Knee,Full,Available
26208,5090,DW-0162,TEN,Groin,,IR
26209,5090,DC-4275,TEN,Ankle,Full,Available
26210,5090,DF-1225,TEN,Hamstring,DNP,Available
26211,5090,CM-2425,TEN,Collarbone,DNP,Available
26212,5090,DB-0975,TEN,Groin,Full,Available
26213,5090,AB-3150,TEN,Knee,Full,Available
26214,5090,CB-0950,TEN,Undisclosed,,IR
26215,5090,MM-0912,TEN,Quadricep,Full,Available
26216,5090,KP-0050,TEN,Knee,DNP,Available
26217,5090,MB-5250,TEN,Hip,Full,Available
26218,5090,RG-1050,TEN,Knee,Full,Available
26219,5090,RS-3400,TEN,Knee,,IR
26220,5090,WW-0900,TEN,Quadricep,DNP,Available
